{"time": [2550, 2551, 2552, 2553, 2554, 2555, 2556, 2557, 2558, 2559, 2560, 2561, 2562, 2563, 2564, 2565, 2566, 2567, 2568, 2569, 2570, 2571, 2572, 2573, 2574, 2575, 2576, 2577, 2578, 2579, 2580, 2581, 2582, 2583, 2584, 2585, 2586, 2587, 2588, 2589, 2590, 2591, 2592, 2593, 2594, 2595, 2596, 2597, 2598, 2599, 2600, 2601, 2602, 2603, 2604, 2605, 2606, 2607, 2608, 2609, 2610, 2611, 2612, 2613, 2614, 2615, 2616, 2617, 2618, 2619, 2620, 2621, 2622, 2623, 2624, 2625, 2626, 2627, 2628, 2629, 2630, 2631, 2632, 2633, 2634, 2635, 2636, 2637, 2638, 2639, 2640, 2641, 2642, 2643, 2644, 2645, 2646, 2647, 2648, 2649, 2650, 2651, 2652, 2653, 2654, 2655, 2656, 2657, 2658, 2659, 2660, 2661, 2662, 2663, 2664, 2665, 2666, 2667, 2668, 2669, 2670, 2671, 2672, 2673, 2674, 2675, 2676, 2677, 2678, 1, 2, 3, 4, 5, 6, 7, 8, 9, 10], "cs1": [94.001717, 95.800797, 98.679695, 95.918289, 94.607231, 93.109718, 94.559875, 94.163895, 94.319305, 92.528961, 94.224808, 94.220177, 93.791634, 93.791634, 94.033913, 94.323227, 92.743156, 94.275871, 93.289879, 94.237244, 92.841705, 94.189903, 93.795441, 94.04631, 92.506149, 94.523392, 94.141472, 93.779198, 94.149017, 97.042465, 96.298935, 95.945015, 96.099594, 92.601723, 93.229187, 94.333809, 92.753555, 92.312119, 94.239113, 94.239113, 92.6604, 93.999184, 93.769798, 94.145622, 94.145622, 92.174164, 92.620399, 94.050934, 94.050934, 94.050934, 92.561966, 94.003593, 94.003593, 94.003593, 94.003593, 94.003593, 96.004974, 95.718605, 96.099251, 95.96714, 94.227753, 94.227753, 94.227753, 94.227753, 92.494408, 94.181595, 92.505226, 94.134247, 95.314995, 92.210144, 92.946365, 93.025154, 93.025154, 93.025154, 92.464378, 94.002113, 94.002113, 94.002113, 93.903687, 93.570503, 93.954742, 93.954742, 93.954742, 93.954742, 96.006187, 95.403015, 96.050606, 95.927826, 94.180901, 94.180901, 96.137283, 92.541779, 92.40374, 94.13131, 94.13131, 92.301193, 92.508987, 93.84552, 93.84552, 92.068573, 93.990501, 92.514267, 93.943146, 93.943146, 93.943146, 93.943146, 93.648056, 93.703812, 95.846397, 92.500725, 93.894714, 94.694359, 93.94091, 95.390877, 95.989281, 97.523949, 95.930328, 94.362312, 94.648239, 92.198708, 93.038269, 94.083893, 93.981522, 94.082764, 92.497154, 94.035393, 92.354515, 93.988083, 93.988083, 0.0, 0.0, 0.0, 0.0, 0.0, 0.0, 0.0, 0.0, 0.0, 0.0], "f1": [16.830044, 16.830044, 16.830044, 16.830044, 16.830044, 16.830044, 16.830044, 16.830044, 16.830044, 16.830044, 16.830044, 16.830044, 16.830044, 16.830044, 16.830044, 16.830044, 16.830044, 16.830044, 16.830044, 16.830044, 16.830044, 16.830044, 16.830044, 16.830044, 16.830044, 16.830044, 16.830044, 16.830044, 16.830044, 16.830044, 16.830044, 16.830044, 16.830044, 16.830044, 16.830044, 16.830044, 16.830044, 16.830044, 16.830044, 16.830044, 16.830044, 16.830044, 16.830044, 16.830044, 16.830044, 16.830044, 16.830044, 16.830044, 16.830044, 16.830044, 16.830044, 16.830044, 16.830044, 16.830044, 16.830044, 16.830044, 16.830044, 16.830044, 16.830044, 16.830044, 16.830044, 16.830044, 16.830044, 16.830044, 16.830044, 16.830044, 16.830044, 16.830044, 16.830044, 16.830044, 16.830044, 16.830044, 16.830044, 16.830044, 16.830044, 16.830044, 16.830044, 16.830044, 16.830044, 16.830044, 16.830044, 16.830044, 16.830044, 16.830044, 16.830044, 16.830044, 16.830044, 16.830044, 16.830044, 16.830044, 16.830044, 16.830044, 16.830044, 16.830044, 16.830044, 16.830044, 16.830044, 16.830044, 16.830044, 16.830044, 16.830044, 16.830044, 16.830044, 16.830044, 16.830044, 16.830044, 16.830044, 16.830044, 16.830044, 16.830044, 16.830044, 16.830044, 16.830044, 16.830044, 16.830044, 16.830044, 16.830044, 16.830044, 16.830044, 16.830044, 16.830044, 16.830044, 16.830044, 16.830044, 16.830044, 16.830044, 16.830044, 16.830044, 16.830044, 0.0, 0.0, 0.0, 0.0, 0.0, 0.0, 0.0, 0.0, 0.0, 0.0], "1": [0.0, 0.0, 0.0, 0.0, 0.0, 0.0, 0.0, 0.0, 0.0, 0.0, 0.0, 0.0, 0.0, 0.0, 0.0, 0.0, 0.0, 0.0, 0.0, 0.0, 0.0, 0.0, 0.0, 0.0, 0.0, 0.0, 0.0, 0.0, 0.0, 0.0, 0.0, 0.0, 0.0, 0.0, 0.0, 0.0, 0.0, 0.0, 0.0, 0.0, 0.0, 0.0, 0.0, 0.0, 0.0, 0.0, 0.0, 0.0, 0.0, 0.0, 0.0, 0.0, 0.0, 0.0, 0.0, 0.0, 0.0, 0.0, 0.0, 0.0, 0.0, 0.0, 0.0, 0.0, 0.0, 0.0, 0.0, 0.0, 0.0, 0.0, 0.0, 0.0, 0.0, 0.0, 0.0, 0.0, 0.0, 0.0, 0.0, 0.0, 0.0, 0.0, 0.0, 0.0, 0.0, 0.0, 0.0, 0.0, 0.0, 0.0, 0.0, 0.0, 0.0, 0.0, 0.0, 0.0, 0.0, 0.0, 0.0, 0.0, 0.0, 0.0, 0.0, 0.0, 0.0, 0.0, 0.0, 0.0, 0.0, 0.0, 0.0, 0.0, 0.0, 0.0, 0.0, 0.0, 0.0, 0.0, 0.0, 0.0, 0.0, 0.0, 0.0, 0.0, 0.0, 0.0, 0.0, 0.0, 0.0, 0.0, 0.0, 0.0, 0.0, 0.0, 0.0, 0.0, 0.0, 0.0, 0.0], "ts": [1000.0, 1000.0, 1000.0, 1000.0, 1000.0, 1000.0, 1000.0, 1000.0, 1000.0, 1000.0, 1000.0, 1000.0, 1000.0, 1000.0, 1000.0, 1000.0, 1000.0, 1000.0, 1000.0, 1000.0, 1000.0, 1000.0, 1000.0, 1000.0, 1000.0, 1000.0, 1000.0, 1000.0, 1000.0, 1000.0, 1000.0, 1000.0, 1000.0, 1000.0, 1000.0, 1000.0, 1000.0, 1000.0, 1000.0, 1000.0, 1000.0, 1000.0, 1000.0, 1000.0, 1000.0, 1000.0, 1000.0, 1000.0, 1000.0, 1000.0, 1000.0, 1000.0, 1000.0, 1000.0, 1000.0, 1000.0, 1000.0, 1000.0, 1000.0, 1000.0, 1000.0, 1000.0, 1000.0, 1000.0, 1000.0, 1000.0, 1000.0, 1000.0, 1000.0, 1000.0, 1000.0, 1000.0, 1000.0, 1000.0, 1000.0, 1000.0, 1000.0, 1000.0, 1000.0, 1000.0, 1000.0, 1000.0, 1000.0, 1000.0, 1000.0, 1000.0, 1000.0, 1000.0, 1000.0, 1000.0, 1000.0, 1000.0, 1000.0, 1000.0, 1000.0, 1000.0, 1000.0, 1000.0, 1000.0, 1000.0, 1000.0, 1000.0, 1000.0, 1000.0, 1000.0, 1000.0, 1000.0, 1000.0, 1000.0, 1000.0, 1000.0, 1000.0, 1000.0, 1000.0, 1000.0, 1000.0, 1000.0, 1000.0, 1000.0, 1000.0, 1000.0, 1000.0, 1000.0, 1000.0, 1000.0, 1000.0, 1000.0, 1000.0, 1000.0, 0.0, 0.0, 0.0, 0.0, 0.0, 0.0, 0.0, 0.0, 0.0, 0.0]}